"accuracy","kappa","misclassification","recall.TRUE","recall.FALSE","precision.TRUE","precision.FALSE","prevalence.TRUE","prevalence.FALSE","detection_prevalence.TRUE","detection_prevalence.FALSE","f1.TRUE","f1.FALSE","TP","FP","FN","TN","classifier","method","cv.iteration","cv.fold","sampling","knn.k","info","preprocess"
0.876207597608626,0.625365816594698,0.123792402391374,0.868950583769536,0.915509416068283,0.982337013624443,0.563708640726886,0.844051589231538,0.155948410768462,0.746626170790695,0.253373829209305,0.922161184479874,0.69771770682148,570.25,10.25,86,111,"knn","cv",1,4,"under",1,"","normalize"
0.891641687592844,0.668562487220973,0.108358312407156,0.881148025949438,0.948550331933342,0.989385926711539,0.596616724870968,0.844051589231538,0.155948410768462,0.751765904722203,0.248234095277797,0.932073124973418,0.732032641668803,578.25,6.25,78,115,"knn","cv",1,4,"under",3,"","normalize"
0.901287993832981,0.690049575980128,0.098712006167019,0.894096062107881,0.940218127624983,0.987798253358851,0.621541727275835,0.844051589231538,0.155948410768462,0.763989522022941,0.236010477977059,0.938602773767481,0.748272636395198,586.75,7.25,69.5,114,"knn","cv",1,4,"under",5,"","normalize"
0.890677677310068,0.667094140832408,0.109322322689932,0.879239637858707,0.952580951090638,0.990128977525541,0.593213487797991,0.844051589231538,0.155948410768462,0.749519855882324,0.250480144117676,0.931390856741697,0.731096272483275,577,5.75,79.25,115.5,"knn","cv",1,4,"under",7,"","normalize"
0.889063549410593,0.662178320353642,0.110936450589407,0.878850999554516,0.944316488280721,0.9884704915792,0.591853137153546,0.844051589231538,0.155948410768462,0.750478076313552,0.249521923686448,0.930351406775159,0.727071846093662,576.75,6.75,79.5,114.5,"knn","cv",1,4,"under",9,"","normalize"
0.891953926015623,0.67017679470044,0.108046073984377,0.881906160671196,0.946331797859369,0.988877988415982,0.599851972829807,0.844051589231538,0.155948410768462,0.752724125153431,0.247275874846569,0.932217301851107,0.733395150946886,578.75,6.5,77.5,114.75,"knn","cv",1,4,"under",11,"","normalize"
0.895181354692923,0.677550669425888,0.104818645307077,0.884956101273342,0.950464029264327,0.989800894264588,0.604977253299009,0.844051589231538,0.155948410768462,0.754668688151979,0.245331311848021,0.934404526536164,0.739057775074956,580.75,6,75.5,115.25,"knn","cv",1,4,"under",13,"","normalize"
0.888106983222664,0.655673769706666,0.111893016777336,0.880766928388462,0.927736756537055,0.985123559626214,0.590445580414801,0.844051589231538,0.155948410768462,0.754668688151979,0.245331311848021,0.92998483644598,0.721334422627057,578,8.75,78.25,112.5,"knn","cv",1,4,"under",15,"","normalize"
0.892287669601294,0.663925370079092,0.107712330398706,0.887244426810706,0.9195739059748,0.983521366814394,0.601880285240042,0.844051589231538,0.155948410768462,0.761419241496362,0.238580758503638,0.93287783690926,0.727350666405566,582.25,9.75,74,111.5,"knn","cv",1,4,"under",17,"","normalize"
0.894536613366948,0.668464753461541,0.105463386633052,0.89029088706983,0.917626337894594,0.983295157227586,0.607791728963131,0.844051589231538,0.155948410768462,0.764310031662217,0.235689968337783,0.934410132160248,0.730639843866715,584.25,10,72,111.25,"knn","cv",1,4,"under",19,"","normalize"
0.888748416062041,0.661195997317658,0.111251583937959,0.87848208319412,0.944316488280721,0.988414637941717,0.590419357756404,0.844051589231538,0.155948410768462,0.750164597208299,0.249835402791701,0.930173499339455,0.726304198043778,576.5,6.75,79.75,114.5,"knn","cv",1,4,"under",21,"","normalize"
0.897103998967752,0.678335743755978,0.102896001032248,0.891053662248951,0.929870613737976,0.985636448410697,0.613636167775153,0.844051589231538,0.155948410768462,0.763020549010266,0.236979450989734,0.935913396974625,0.738931078286717,584.75,8.5,71.5,112.75,"knn","cv",1,4,"under",23,"","normalize"
0.885527604357939,0.646665065094818,0.114472395642061,0.88113758492037,0.909395745833898,0.981438807653418,0.589160117746612,0.844051589231538,0.155948410768462,0.757870062497312,0.242129937502688,0.928382040760446,0.713779771400736,578.25,11,78,110.25,"knn","cv",1,4,"under",25,"","normalize"
0.884243084435887,0.647155126001657,0.115756915564114,0.875809179752756,0.929853678363365,0.985431642077632,0.580894672384864,0.844051589231538,0.155948410768462,0.750157980235101,0.249842019764899,0.927368465348698,0.714923096616645,574.75,8.5,81.5,112.75,"knn","cv",1,4,"under",27,"","normalize"
0.88745810628844,0.653943761344782,0.11254189371156,0.880001832980659,0.927838368784718,0.98510220258684,0.588399640678504,0.844051589231538,0.155948410768462,0.754018156974455,0.245981843025545,0.929572347531723,0.719983774962629,577.5,8.75,78.75,112.5,"knn","cv",1,4,"under",29,"","normalize"
0.890353445623368,0.660306356803515,0.109646554376631,0.883812228533244,0.925856929955291,0.984783962335213,0.595841957396271,0.844051589231538,0.155948410768462,0.757556996952884,0.242443003047116,0.931529681954915,0.724757060018018,580,9,76.25,112.25,"knn","cv",1,4,"under",31,"","normalize"
0.881341042124097,0.638656594739605,0.118658957875903,0.873898471433344,0.92164002167728,0.983705735364739,0.575184249197324,0.844051873255981,0.155948126744019,0.749831070755333,0.250168929244667,0.925526684355408,0.708101662125989,573.5,9.5,82.75,111.75,"knn","cv",1,4,"under",33,"","normalize"
0.89099529202357,0.661224983275857,0.10900470797643,0.885329078033931,0.9216738924265,0.984021935052557,0.598946075854062,0.844051589231538,0.155948410768462,0.759487498883386,0.240512501116614,0.931971650789603,0.72531160639982,581,9.5,75.25,111.75,"knn","cv",1,4,"under",35,"","normalize"
0.882634651890108,0.644924406137996,0.117365348109892,0.873140336711586,0.934053651266766,0.986196911269993,0.577554401071574,0.844051873255981,0.155948126744019,0.747262024540587,0.252737975459413,0.92618900233549,0.713486385321878,573,8,83.25,113.25,"knn","cv",1,4,"under",37,"","normalize"
0.875564924086775,0.628907005847322,0.124435075913225,0.864376832980659,0.936068960845414,0.986557432369225,0.560954859596062,0.844051589231538,0.155948410768462,0.739550145077137,0.260449854922863,0.921395555289741,0.701308816100512,567.25,7.75,89,113.5,"knn","cv",1,4,"under",39,"","normalize"
0.887463384895991,0.651331968985184,0.112536615104009,0.881900940156662,0.917711014767647,0.983309124011657,0.590329724194674,0.844051873255981,0.155948126744019,0.7572205893772,0.2427794106228,0.929689880270732,0.717405047341323,578.75,10,77.5,111.25,"knn","cv",1,4,"under",41,"","normalize"
0.889070166383791,0.657442572067865,0.110929833616209,0.882291898689535,0.925755317707628,0.984792054516501,0.593285683546015,0.844051589231538,0.155948410768462,0.756277853321555,0.243722146678445,0.930648809155582,0.722571228237053,579,9,77.25,112.25,"knn","cv",1,4,"under",43,"","normalize"
0.88972472380688,0.6581800348145,0.11027527619312,0.884201446894606,0.91955697060019,0.983558752629704,0.596744304156283,0.844051873255981,0.155948126744019,0.758859905201369,0.241140094798631,0.931114599441402,0.722959583562114,580.25,9.75,76,111.5,"knn","cv",1,4,"under",45,"","normalize"
0.890034590227392,0.656621972053377,0.109965409772608,0.886091853213053,0.911377184663325,0.981871365665323,0.597392426741573,0.844051589231538,0.155948410768462,0.761740164696463,0.238259835303537,0.931480266449481,0.72138384297323,581.5,10.75,74.75,110.5,"knn","cv",1,4,"under",47,"","normalize"
0.88456515382061,0.64333895934553,0.11543484617939,0.879618415191001,0.911343313914104,0.981720463864108,0.583113234750386,0.844051873255981,0.155948126744019,0.756269381429844,0.243730618570156,0.927867904596994,0.711173403309248,577.25,10.75,79,110.5,"knn","cv",1,4,"under",49,"","normalize"
0.889070579944616,0.654730184011753,0.110929420055384,0.884570363255002,0.91330781736892,0.98235766421466,0.595225707115761,0.844051589231538,0.155948410768462,0.760130172405237,0.239869827594763,0.93079982474021,0.719967962424226,580.5,10.5,75.75,110.75,"knn","cv",1,4,"under",51,"","normalize"
0.882312901568357,0.640080167574491,0.117687098431643,0.875806279466904,0.917575531770763,0.982968833940565,0.578421732396875,0.844051873255981,0.155948126744019,0.752083323007585,0.247916676992415,0.926211906958447,0.709001840365704,574.75,10,81.5,111.25,"knn","cv",1,4,"under",53,"","normalize"
0.89034931001512,0.655345199130141,0.10965068998488,0.888374378178713,0.901012735401707,0.979957779634642,0.600947257538755,0.844051589231538,0.155948410768462,0.765264116485196,0.234735883514804,0.931777769047829,0.719930373433333,583,12,73.25,109.25,"knn","cv",1,4,"under",55,"","normalize"
0.888412114663719,0.652981757204684,0.111587885336281,0.884182305007982,0.911326378539493,0.981803938264391,0.59370333021685,0.844051873255981,0.155948126744019,0.760117994392706,0.239882005607294,0.930393668267814,0.718622767060074,580.25,10.75,76,110.5,"knn","cv",1,4,"under",57,"","normalize"
0.885845546628602,0.646336650171051,0.114154453371398,0.883042492668077,0.901046606150928,0.979677588784518,0.592056488468306,0.844051873255981,0.155948126744019,0.760763973215835,0.239236026784165,0.92866083310828,0.713319290183767,579.5,12,76.75,109.25,"knn","cv",1,4,"under",59,"","normalize"
0.887779443049366,0.651203887651408,0.112220556950634,0.883421850057542,0.911241701666441,0.981914517618283,0.592299959862115,0.844051589231538,0.155948410768462,0.759483363275137,0.240516636724863,0.929964139285647,0.717175991001661,579.75,10.75,76.5,110.5,"knn","cv",1,4,"under",61,"","normalize"
0.88681460564494,0.647076369862558,0.11318539435506,0.883426490514905,0.905246579054329,0.980578910649744,0.589222391084093,0.844051589231538,0.155948410768462,0.760448200679563,0.239551799320437,0.929460126198833,0.713730400870005,579.75,11.5,76.5,109.75,"knn","cv",1,4,"under",63,"","normalize"
0.886499885857212,0.645147243876223,0.113500114142788,0.884195646322902,0.898980490448449,0.979311197966164,0.589512135649173,0.844051589231538,0.155948410768462,0.762059020092439,0.237940979907561,0.929319813998609,0.71202642398786,580.25,12.25,76,109,"knn","cv",1,4,"under",65,"","normalize"
0.883276500413856,0.636034261907782,0.116723499586144,0.881521002710027,0.892799078715621,0.978039435410007,0.58239414749781,0.844051873255981,0.155948126744019,0.760767277455339,0.239232722544661,0.927251266041895,0.704758385494535,578.5,13,77.75,108.25,"knn","cv",1,4,"under",67,"","normalize"
0.885206176284482,0.643323581669006,0.114793823715518,0.882287258232171,0.900928058528655,0.979874134067654,0.58902901469888,0.844051873255981,0.155948126744019,0.76013616770998,0.23986383229002,0.928318253582177,0.71071427157487,579,12,77.25,109.25,"knn","cv",1,4,"under",69,"","normalize"
0.889697538155122,0.651738761063373,0.110302461844878,0.88951767086164,0.89068215688931,0.977717648946602,0.600232260521026,0.844051589231538,0.155948410768462,0.767839773302498,0.232160226697502,0.931497228644395,0.716847329930931,583.75,13.25,72.5,108,"knn","cv",1,4,"under",71,"","normalize"
0.886494096005664,0.638507118424175,0.113505903994336,0.88914353398671,0.87220566318927,0.974218192206666,0.593252496020191,0.844051589231538,0.155948410768462,0.770410467389902,0.229589532610098,0.929673218193403,0.705603374288441,583.5,15.5,72.75,105.75,"knn","cv",1,4,"under",73,"","normalize"
0.887139250892464,0.644751488535913,0.112860749107536,0.886094753498905,0.892731337217179,0.978193623895066,0.591428745791974,0.844051589231538,0.155948410768462,0.764628887058193,0.235371112941807,0.929848940210096,0.71134458719496,581.5,13,74.75,108.25,"knn","cv",1,4,"under",75,"","normalize"
0.884889480005161,0.641907627443059,0.115110519994839,0.88191138118573,0.901029670776318,0.979742936324663,0.585869204943409,0.844051589231538,0.155948410768462,0.759812557691735,0.240187442308265,0.928196461824075,0.70962021128199,578.75,12,77.5,109.25,"knn","cv",1,4,"under",77,"","normalize"
0.890039552957291,0.653790070540071,0.109960447042709,0.888386559379292,0.898845007451565,0.979528092705581,0.59968334172125,0.844051589231538,0.155948410768462,0.765604477044066,0.234395522955934,0.93163048009327,0.718622602432473,583,12.25,73.25,109,"knn","cv",1,4,"under",79,"","normalize"
0.892272781411599,0.658527705489145,0.107727218588401,0.893326906299885,0.886685408481236,0.977100600839038,0.611424942295019,0.844051589231538,0.155948410768462,0.771692919507829,0.22830708049217,0.933105903377583,0.72200996538789,586.25,13.75,70,107.5,"knn","cv",1,4,"under",81,"","normalize"
0.889390676023067,0.648692105879438,0.110609323976933,0.890289726955489,0.884619292778756,0.976652634134674,0.599328124724348,0.844051589231538,0.155948410768462,0.7694493520329,0.2305506479671,0.931417479908987,0.714046774531355,584.25,14,72,107.25,"knn","cv",1,4,"under",83,"","normalize"
0.890363371083165,0.64859265606485,0.109636628916835,0.894489920926607,0.868005690285869,0.973414384556631,0.606926524733128,0.844051589231538,0.155948410768462,0.775571706484303,0.224428293515697,0.932172784564737,0.713435851735288,587,16,69.25,105.25,"knn","cv",1,4,"under",85,"","normalize"
0.890357581231617,0.650174078804538,0.109642418768383,0.892194054646026,0.880317707627693,0.97587996890342,0.602792155509547,0.844051589231538,0.155948410768462,0.771709875501649,0.228290124498351,0.932099098440038,0.715018318223649,585.5,14.5,70.75,106.75,"knn","cv",1,4,"under",87,"","normalize"
0.877175329938826,0.615366240071194,0.122824670061174,0.879244278316071,0.865990380707221,0.972621229479647,0.570777991098511,0.844051589231538,0.155948410768462,0.763026338861814,0.236973661138186,0.923537517855875,0.687740585943758,577,16.25,79.25,105,"knn","cv",1,4,"under",89,"","normalize"
0.885527926606232,0.638668879842712,0.114472073393768,0.886094173441734,0.882451564828614,0.976085769350314,0.588781165474919,0.844051873255981,0.155948126744019,0.766237858984971,0.233762141015029,0.928910103038565,0.706264407264801,581.5,14.25,74.75,107,"knn","cv",1,4,"under",91,"","normalize"
0.890673955262644,0.647226572025892,0.109326044737356,0.895234134276274,0.865922639208779,0.973138331600202,0.605236703175571,0.844051589231538,0.155948410768462,0.776528272672232,0.223471727327768,0.932509380301645,0.712023637310571,587.5,16.25,68.75,105,"knn","cv",1,4,"under",93,"","normalize"
0.886184644207751,0.636153342122156,0.113815355792249,0.890297847755875,0.863788782007858,0.972740522070024,0.595231682564015,0.844051873255981,0.155948126744019,0.772692690857004,0.227307309142996,0.929506677999458,0.703397903034095,584.25,16.5,72,104.75,"knn","cv",1,4,"under",95,"","normalize"
0.888099451000606,0.640958886715719,0.111900548999394,0.891811796970709,0.867904078038206,0.973468426217159,0.59715409670612,0.844051873255981,0.155948126744019,0.773322148482611,0.226677851517389,0.930817707967112,0.707229187407995,585.25,16,71,105.25,"knn","cv",1,4,"under",97,"","normalize"
0.886173999927213,0.64231872372123,0.113826000072787,0.885332558376954,0.890716027638531,0.977706601943153,0.589641048261632,0.844051589231538,0.155948410768462,0.764312099466341,0.235687900533659,0.929216428806379,0.709467743563867,581,13.25,75.25,108,"knn","cv",1,4,"under",99,"","normalize"
0.877158787505831,0.618060461052114,0.122841212494169,0.878467581764859,0.870054870613738,0.973353912981106,0.573387678888096,0.844051589231538,0.155948410768462,0.761726930750067,0.238273069249933,0.923327348050279,0.690231367264831,576.5,15.75,79.75,105.5,"knn","cv",1,4,"under",101,"","normalize"
0.879428409312728,0.624372194961674,0.120571590687272,0.879623635705535,0.878285462674434,0.975175508924532,0.576919094134942,0.844051589231538,0.155948410768462,0.76142585846956,0.23857414153044,0.924790356118182,0.695265756385939,577.25,14.75,79,106.5,"knn","cv",1,4,"under",103,"","normalize"
0.88681460564494,0.638560737593915,0.11318539435506,0.889906309165831,0.870156482861401,0.973799637210103,0.593671438689267,0.844051589231538,0.155948410768462,0.771381921767526,0.228618078232474,0.929934543696453,0.70553252673402,584,15.75,72.25,105.5,"knn","cv",1,4,"under",105,"","normalize"
0.887787300705039,0.634449960277762,0.112212699294961,0.896760844748858,0.839181682698821,0.967913417613296,0.603047750120464,0.844051589231538,0.155948410768462,0.781994719655388,0.218005280344612,0.930902458583913,0.701044266437675,588.5,19.5,67.75,101.75,"knn","cv",1,4,"under",107,"","normalize"
0.879746437587055,0.622900774122104,0.120253562412945,0.881147445892267,0.872154857065438,0.973894486150123,0.576340212970073,0.844051589231538,0.155948410768462,0.76366859882284,0.23633140117716,0.925170877651645,0.693789719272531,578.25,15.5,78,105.75,"knn","cv",1,4,"under",109,"","normalize"
0.879429236434378,0.617817618825501,0.120570763565622,0.884569783197832,0.851544506164476,0.969976522445436,0.580183389171138,0.844051589231538,0.155948410768462,0.769778132888673,0.230221867111327,0.925164392440805,0.688979888036492,580.5,18,75.75,103.25,"knn","cv",1,4,"under",111,"","normalize"
0.881661966385971,0.624965909775226,0.118338033614028,0.886087212755689,0.857759788646525,0.971151686918988,0.585124007413383,0.844051873255981,0.155948126744019,0.770083993768204,0.229916006231796,0.926557198526955,0.694804181229319,581.5,17.25,74.75,104,"knn","cv",1,4,"under",113,"","normalize"
0.882308033336311,0.623643285348402,0.117691966663689,0.889128452500278,0.845447771304701,0.969128804309836,0.591179575278387,0.844051589231538,0.155948410768462,0.774584123234509,0.225415876765491,0.92707452941074,0.693064783659684,583.5,18.75,72.75,102.5,"knn","cv",1,4,"under",115,"","normalize"
0.885854317409587,0.635665325760871,0.114145682590413,0.889520571147492,0.866007316081832,0.972943535769173,0.592393133382067,0.844051589231538,0.155948410768462,0.771705326332576,0.228294673667424,0.92932292888917,0.703199964699914,583.75,16.25,72.5,105,"knn","cv",1,4,"under",117,"","normalize"
0.887141318696589,0.636471670530743,0.112858681303411,0.892572251921149,0.857725917897304,0.971401291005281,0.596240111174458,0.844051589231538,0.155948410768462,0.77556384882863,0.22443615117137,0.930308887911331,0.703375633065519,585.75,17.25,70.5,104,"knn","cv",1,4,"under",119,"","normalize"
0.882321680843532,0.623433685476388,0.117678319156468,0.888388299550804,0.849478390461997,0.969658651472623,0.586057473228526,0.844051589231538,0.155948410768462,0.773319867792876,0.226680132207124,0.927181393451034,0.69306561842521,583,18.25,73.25,103,"knn","cv",1,4,"under",121,"","normalize"
0.887775222499228,0.633254064062998,0.112224777500772,0.896756784348665,0.839198618073432,0.968024039898748,0.601181440529735,0.844051873255981,0.155948126744019,0.781985451433462,0.218014548566538,0.930960293509519,0.69988262677449,588.5,19.5,67.75,101.75,"knn","cv",1,4,"under",123,"","normalize"
0.885848850868106,0.629380435796655,0.114151149131894,0.894089681479007,0.841332475274353,0.968306824985354,0.596029394862779,0.844051873255981,0.155948126744019,0.779408970679831,0.220591029320169,0.929649623665319,0.697082259131497,586.75,19.25,69.5,102,"knn","cv",1,4,"under",125,"","normalize"
0.885530404785861,0.632400282647906,0.114469595214139,0.890666764116271,0.857725917897304,0.971377116242158,0.591839570229288,0.844051873255981,0.155948126744019,0.773955736407598,0.226044263592402,0.929251607014584,0.70021146975755,584.5,17.25,71.75,104,"knn","cv",1,4,"under",127,"","normalize"
0.882321267282707,0.624986452178662,0.117678732717293,0.887246166982218,0.855659802194825,0.970838406277476,0.585269774575722,0.844051589231538,0.155948410768462,0.771389779423198,0.228610220576802,0.927096338030844,0.694560596187243,582.25,17.5,74,103.75,"knn","cv",1,4,"under",129,"","normalize"
0.885857111466868,0.634350702368881,0.114142888533132,0.890670824516464,0.859775098225173,0.971709025370955,0.593348714119672,0.844051873255981,0.155948126744019,0.773640594564856,0.226359405435144,0.929403738035033,0.701941887660536,584.5,17,71.75,104.25,"knn","cv",1,4,"under",131,"","normalize"
0.886813364962465,0.630689595547337,0.113186635037535,0.895995749341055,0.837149437745563,0.967515308114437,0.598848122268206,0.844051589231538,0.155948410768462,0.781666765921265,0.218333234078735,0.9303480743421,0.697905292755672,588,19.75,68.25,101.5,"knn","cv",1,4,"under",133,"","normalize"
0.883600410914036,0.6213615865674,0.116399589085964,0.893717284775587,0.828817233437204,0.965878591171253,0.593233775847495,0.844051589231538,0.155948410768462,0.781032777176736,0.218967222823264,0.928286585125946,0.690379160053363,586.5,20.75,69.75,100.5,"knn","cv",1,4,"under",135,"","normalize"
0.889708290736568,0.63451707907207,0.110291709263432,0.90132647473735,0.826632570112451,0.965910477163224,0.608838398753291,0.844051589231538,0.155948410768462,0.78778333052112,0.21221666947888,0.93238456794814,0.700086216060346,591.5,21,64.75,100.25,"knn","cv",1,4,"under",137,"","normalize"
0.881035093117355,0.617563835882913,0.118964906882645,0.889154555072948,0.837166373120173,0.967271451169097,0.585060160796771,0.844051589231538,0.155948410768462,0.775888494076155,0.224111505923845,0.926469157637045,0.687973270298115,583.5,19.75,72.75,101.5,"knn","cv",1,4,"under",139,"","normalize"
0.882632678583835,0.622416998458413,0.117367321416165,0.889528691947878,0.845244546809375,0.969056992311342,0.587341601323742,0.844051589231538,0.155948410768462,0.774925310915028,0.225074689084972,0.927459475623362,0.691853243762699,583.75,18.75,72.5,102.5,"knn","cv",1,4,"under",141,"","normalize"
0.885529578725984,0.629416151909327,0.114470421274016,0.893709744032372,0.841349410648964,0.968294772674351,0.596992382235771,0.844051873255981,0.155948126744019,0.779088046417957,0.220911953582043,0.929374406594895,0.697218787297557,586.5,19.25,69.75,102,"knn","cv",1,4,"under",143,"","normalize"
0.881990832183634,0.61471048533531,0.118009167816366,0.892571671863979,0.824583389784582,0.965107142040835,0.585913471319666,0.844051589231538,0.155948410768462,0.780704409881788,0.219295590118212,0.927393507973473,0.684793612294066,585.75,21.25,70.5,100,"knn","cv",1,4,"under",145,"","normalize"
0.885853076727113,0.625174308149353,0.114146923272887,0.896758524520177,0.826801923858556,0.965645806455646,0.597280473087706,0.844051589231538,0.155948410768462,0.783919018173517,0.216080981826483,0.929870043600059,0.693003868835512,588.5,21,67.75,100.25,"knn","cv",1,4,"under",147,"","normalize"
0.883605787204759,0.621909558314004,0.116394212795241,0.893343147900657,0.830968026012735,0.966256864718157,0.592659077034077,0.844051589231538,0.155948410768462,0.78038969009406,0.21961030990594,0.928264843131229,0.690912938091649,586.25,20.5,70,100.75,"knn","cv",1,4,"under",149,"","normalize"
0.886815846327415,0.62767089142076,0.113184153672586,0.898292195678806,0.824701937406855,0.965194656013541,0.601041343433367,0.844051589231538,0.155948410768462,0.785530251147218,0.214469748852782,0.930506406265456,0.694954926123978,589.5,21.25,66.75,100,"knn","cv",1,4,"under",151,"","normalize"
0.891955580258922,0.639633363059636,0.108044419741078,0.904762733415005,0.822839046199702,0.96525585304839,0.617947841003014,0.844051589231538,0.155948410768462,0.791310177235627,0.208689822764373,0.933872875813358,0.703840704731247,593.75,21.5,62.5,99.75,"knn","cv",1,4,"under",153,"","normalize"
0.891638379106245,0.638364079656796,0.108361620893755,0.904376415339496,0.822686627828208,0.965157371702318,0.614636708494772,0.844051589231538,0.155948410768462,0.790988840474702,0.209011159525298,0.933710841556586,0.70286493939835,593.5,21.5,62.75,99.75,"knn","cv",1,4,"under",155,"","normalize"
0.890038312274816,0.637994042284004,0.109961687725184,0.900195363255002,0.835151063541526,0.967289145269856,0.608124921686764,0.844051589231538,0.155948410768462,0.785536040998766,0.214463959001234,0.93249490512751,0.703377906304123,590.75,20,65.5,101.25,"knn","cv",1,4,"under",157,"","normalize"
0.887130566115142,0.625751580325311,0.112869433884858,0.900567179901251,0.814337488145238,0.963305517071914,0.603547149783519,0.844051589231538,0.155948410768462,0.789065782639047,0.210934217360953,0.930842581450745,0.692915940537709,591,22.5,65.25,98.75,"knn","cv",1,4,"under",159,"","normalize"
0.891323245757693,0.634425008068204,0.108676754242307,0.906671701562906,0.808308494783905,0.962451927621318,0.617315712052904,0.844051589231538,0.155948410768462,0.795181520117253,0.204818479882747,0.933658387210547,0.699166142979363,595,23.25,61.25,98,"knn","cv",1,4,"under",161,"","normalize"
0.890364094151,0.636776379403561,0.109635905849,0.902102591231392,0.826801923858556,0.965778466219661,0.610717871193431,0.844051873255981,0.155948126744019,0.788435326946238,0.211564673053762,0.932802382231286,0.702006006480082,592,21,64.25,100.25,"knn","cv",1,4,"under",163,"","normalize"
0.888750483866165,0.634848811424478,0.111249516133835,0.898668652782418,0.835100257417694,0.967263485240726,0.604791424893661,0.844051589231538,0.155948410768462,0.784241595616917,0.215758404383083,0.931643387274278,0.700950603541825,589.75,20,66.5,101.25,"knn","cv",1,4,"under",165,"","normalize"
0.884245881678488,0.619963481180735,0.115754118321512,0.895999809741248,0.820654382874949,0.964376647703576,0.594056502142693,0.844051873255981,0.155948126744019,0.784242660044971,0.215757339955029,0.928885046282987,0.688757188072531,588,21.75,68.25,99.5,"knn","cv",1,4,"under",167,"","normalize"
0.892926207514896,0.63916179660819,0.107073792485104,0.907422875598619,0.814252811272185,0.96392588972017,0.621408363941732,0.844051589231538,0.155948410768462,0.794862251160452,0.205137748839548,0.934617302379156,0.702834950390943,595.5,22.5,60.75,98.75,"knn","cv",1,4,"under",169,"","normalize"
0.886494096005664,0.625014948096861,0.113505903994336,0.899802664550618,0.814472971142122,0.963228059764551,0.603196640701447,0.844051589231538,0.155948410768462,0.788421041313072,0.211578958686928,0.930376731262935,0.692516722408027,590.5,22.5,65.75,98.75,"knn","cv",1,4,"under",171,"","normalize"
0.888110189778996,0.628555368317358,0.111889810221004,0.901341556223781,0.816403603847717,0.963816181529495,0.606405905941022,0.844051873255981,0.155948126744019,0.789405534270746,0.210594465729254,0.93144775015559,0.695115320970983,591.5,22.25,64.75,99,"knn","cv",1,4,"under",173,"","normalize"
0.897434020506,0.651269416046223,0.102565979494,0.91314803987081,0.812440726188863,0.963436195525808,0.635309812013088,0.844051589231538,0.155948410768462,0.800006120700208,0.199993879299792,0.937569796354438,0.712445562166472,599.25,22.75,57,98.5,"knn","cv",1,4,"under",175,"","normalize"
0.893249108268364,0.643392797189941,0.106750891731636,0.90552956899432,0.826666440861672,0.966015851187948,0.618935089027997,0.844051873255981,0.155948126744019,0.79133355802162,0.20866644197838,0.93470425029274,0.706929136468233,594.25,21,62,100.25,"knn","cv",1,4,"under",177,"","normalize"
0.886168949070104,0.623863546504008,0.113831050929896,0.899043369714519,0.816522151469991,0.963696042878388,0.600703034596065,0.844051873255981,0.155948126744019,0.787452728723589,0.212547271276411,0.930181748400855,0.691547147008419,590,22.25,66.25,99,"knn","cv",1,4,"under",179,"","normalize"
0.897102344724453,0.65078892719631,0.102897655275547,0.91161436871218,0.818435848800975,0.964669730489613,0.631439029640531,0.844051589231538,0.155948410768462,0.797743942988159,0.202256057011841,0.937331492785991,0.712129731007294,598.25,22,58,99.25,"knn","cv",1,4,"under",181,"","normalize"
0.892920831224173,0.635375184764091,0.107079168775827,0.910471076029253,0.797859368649235,0.960621968545337,0.622720596096336,0.844051589231538,0.155948410768462,0.800000744409485,0.199999255590515,0.934855413191962,0.69927756067462,597.5,24.5,58.75,96.75,"knn","cv",1,4,"under",183,"","normalize"
0.895181354692923,0.645377191268512,0.104818645307077,0.910854493818911,0.810323804362552,0.962914470879781,0.629285596905952,0.844051589231538,0.155948410768462,0.798396955530632,0.201603044469368,0.936110451180004,0.707874717132189,597.75,23,58.5,98.25,"knn","cv",1,4,"under",185,"","normalize"
0.894215276606022,0.641118559731894,0.105784723393978,0.910482097115492,0.806191572957594,0.962228592720602,0.626534054229078,0.844051589231538,0.155948410768462,0.798719532974032,0.201280467025968,0.935565213245389,0.70416949651976,597.5,23.5,58.75,97.75,"knn","cv",1,4,"under",187,"","normalize"
0.892278984823972,0.641349792399477,0.107721015176028,0.904762153357835,0.824718872781466,0.96541704461005,0.616882356316469,0.844051589231538,0.155948410768462,0.790992562522125,0.209007437477874,0.934074694315681,0.705486258925009,593.75,21.25,62.5,100,"knn","cv",1,4,"under",189,"","normalize"
0.88715237335263,0.625854129297599,0.11284762664737,0.900581101273342,0.814439100392901,0.963337714841119,0.603875746740336,0.844051873255981,0.155948126744019,0.789081305769367,0.210918694230633,0.930843728001233,0.692993935183523,591,22.5,65.25,98.75,"knn","cv",1,4,"under",191,"","normalize"
0.894216837413243,0.637146850980142,0.105783162586757,0.91314803987081,0.791694892291017,0.959599023157839,0.628533340075245,0.844051873255981,0.155948126744019,0.80322592902824,0.19677407097176,0.935757835465838,0.700279451117396,599.25,25.25,57,96,"knn","cv",1,4,"under",193,"","normalize"
0.894851333154675,0.640149399356256,0.105148666845325,0.913513475888184,0.79386262024116,0.959977278097156,0.632060389231957,0.844051589231538,0.155948410768462,0.80321163065379,0.19678836934621,0.936098110557846,0.702871681231421,599.5,25,56.75,96.25,"knn","cv",1,4,"under",195,"","normalize"
0.891315302098357,0.631616859490219,0.108684697901643,0.908190291235104,0.799942419726324,0.960951094770585,0.617198348483937,0.844051873255981,0.155948126744019,0.797752043259104,0.202247956740896,0.933796788759068,0.696442146676552,596,24.25,60.25,97,"knn","cv",1,4,"under",197,"","normalize"
0.893562677624374,0.635780800942873,0.106437322375626,0.911993146044474,0.793761007993497,0.96007846273035,0.627030799021321,0.844051589231538,0.155948410768462,0.80192132088019,0.19807867911981,0.935297682453871,0.699208958916252,598.5,25,57.75,96.25,"knn","cv",1,4,"under",199,"","normalize"
0.892609419923045,0.641016705769274,0.107390580076955,0.906660680476668,0.81648828072077,0.963936569548732,0.621767621409565,0.844051589231538,0.155948410768462,0.793896173073551,0.206103826926449,0.934310942343848,0.704920814667376,595,22.25,61.25,99,"knn","cv",1,4,"under",201,"","normalize"
0.892605697875621,0.636021686860839,0.107394302124379,0.908954806585737,0.804057715756673,0.961722557706463,0.620050667186466,0.844051589231538,0.155948410768462,0.797751800643832,0.202248199356169,0.934588409757182,0.700100994733875,596.5,23.75,59.75,97.5,"knn","cv",1,4,"under",203,"","normalize"
0.899680069345879,0.651836865686963,0.100319930654121,0.919620897835691,0.791694892291017,0.959859504445068,0.64775811125962,0.844051589231538,0.155948410768462,0.808686348853444,0.191313651146556,0.939254878838102,0.711715487255459,603.5,25.25,52.75,96,"knn","cv",1,4,"under",205,"","normalize"
0.897424095046203,0.644674608922474,0.102575904953797,0.917716570145154,0.787681208508332,0.959019614914508,0.640620354886659,0.844051589231538,0.155948410768462,0.807716548719119,0.192283451280881,0.937863439829065,0.705896295639805,602.25,25.75,54,95.5,"knn","cv",1,4,"under",207,"","normalize"
0.892928688879846,0.635844140814658,0.107071311120154,0.910862614619297,0.795877929819808,0.960330031478087,0.626702287180228,0.844051589231538,0.155948410768462,0.800642177248861,0.199357822751139,0.934807327127512,0.699610748077868,597.75,24.75,58.5,96.5,"knn","cv",1,4,"under",209,"","normalize"
0.892276917019848,0.636081826246995,0.107723082980152,0.908188551063593,0.806208508332204,0.962085597098068,0.619622900477331,0.844051589231538,0.155948410768462,0.796780346266207,0.203219653733793,0.934326885410415,0.700310261148524,596,23.5,60.25,97.75,"knn","cv",1,4,"under",211,"","normalize"
0.895825268897248,0.641036724881725,0.104174731102752,0.915433465122322,0.789662647337759,0.959295085357906,0.634714185462425,0.844051589231538,0.155948410768462,0.805473394805014,0.194526605194986,0.93680802784803,0.70321603863562,600.75,25.5,55.5,95.75,"knn","cv",1,4,"under",213,"","normalize"
0.891960129427996,0.633241199067936,0.108039870572004,0.909333583918031,0.797977916271508,0.960560599693117,0.620294641782205,0.844051589231538,0.155948410768462,0.79903177139681,0.20096822860319,0.934217914427238,0.697687365455472,596.75,24.5,59.5,96.75,"knn","cv",1,4,"under",215,"","normalize"
0.895489871068277,0.64329306383779,0.104510128931723,0.913145139584957,0.800077902723208,0.961262111614166,0.634519858594079,0.844051589231538,0.155948410768462,0.801924629366789,0.198075370633211,0.93641889595203,0.705504787892309,599.25,24.25,57,97,"knn","cv",1,4,"under",217,"","normalize"
0.89485257383715,0.637030371185092,0.10514742616285,0.915044826818131,0.785581222056632,0.958504397463309,0.631190326395806,0.844051589231538,0.155948410768462,0.805784392545318,0.194215607454682,0.936259348888613,0.699827891265445,600.5,26,55.75,95.25,"knn","cv",1,4,"under",219,"","normalize"
0.895492352433226,0.641413615364332,0.104507647566774,0.913898053792182,0.795708576073703,0.960465697066087,0.632410254088835,0.844051589231538,0.155948410768462,0.803214112018739,0.196785887981261,0.936525833659502,0.703742550924262,599.75,24.75,56.5,96.5,"knn","cv",1,4,"under",221,"","normalize"
0.898077934710325,0.647494545009203,0.101922065289675,0.917723530831199,0.79179650453868,0.959798237889993,0.641982381387415,0.844051589231538,0.155948410768462,0.807079251487992,0.192920748512008,0.938227593889753,0.708306342688426,602.25,25.25,54,96,"knn","cv",1,4,"under",223,"","normalize"
0.898075453345376,0.641981840946784,0.101924546654624,0.921517104725842,0.771169218263108,0.95618521983808,0.64734670415216,0.844051589231538,0.155948410768462,0.813502678219902,0.186497321780098,0.938459663757094,0.70279689447998,604.75,27.75,51.5,93.5,"knn","cv",1,4,"under",225,"","normalize"
0.901926118185758,0.653353626252619,0.0980738818142417,0.924949883060474,0.777333694621325,0.957433070629569,0.657033361289721,0.844051589231538,0.155948410768462,0.815436075076178,0.184563924923822,0.940897768872285,0.711934752152161,607,27,49.25,94.25,"knn","cv",1,4,"under",227,"","normalize"
0.895178873327974,0.63548734754021,0.104821126672026,0.916954955080373,0.777316759246715,0.95715561984428,0.634999627359451,0.844051589231538,0.155948410768462,0.808689657340043,0.191310342659957,0.936555578479181,0.698036545397498,601.75,27,54.5,94.25,"knn","cv",1,4,"under",229,"","normalize"
0.904182010728866,0.661598180872143,0.0958179892711343,0.926480073876081,0.7834304294811,0.9586181304643,0.664973430253115,0.844051873255981,0.155948126744019,0.815765104917865,0.184234895082135,0.942238564653554,0.718809186085402,608,26.25,48.25,95,"knn","cv",1,4,"under",231,"","normalize"
0.904173750130104,0.660947014608217,0.0958262498698956,0.926848410179307,0.781567538273947,0.958416898855222,0.667697205307465,0.844051873255981,0.155948126744019,0.816380519525577,0.183619480474423,0.942235065460076,0.718032885350979,608.25,26.5,48,94.75,"knn","cv",1,4,"under",233,"","normalize"
0.903536937598634,0.663284508866419,0.0964630624013658,0.923043235141256,0.797944045522287,0.961134504289479,0.657888905895106,0.844051589231538,0.155948410768462,0.810610233810748,0.189389766189252,0.941683928893653,0.720903986634093,605.75,24.5,50.5,96.75,"knn","cv",1,4,"under",235,"","normalize"
0.894854641641274,0.641316506167254,0.105145358358726,0.913146299699298,0.795877929819808,0.960397423496276,0.634093421459493,0.844051589231538,0.155948410768462,0.802572265618538,0.197427734381462,0.936022342430987,0.703919458671092,599.25,24.75,57,96.5,"knn","cv",1,4,"under",237,"","normalize"
0.899672549865104,0.648284502722166,0.100327450134896,0.922281040019304,0.777333694621325,0.957305921349955,0.651764900216587,0.844051873255981,0.155948126744019,0.813176233266092,0.186823766733908,0.939400267007498,0.708148178298304,605.25,27,51,94.25,"knn","cv",1,4,"under",239,"","normalize"
0.902893436955134,0.652608509517713,0.0971065630448664,0.928376860823403,0.765004741904891,0.955350721870668,0.663865524563465,0.844051589231538,0.155948410768462,0.82025447224676,0.17974552775324,0.941653524521252,0.710584367164697,609.25,28.5,47,92.75,"knn","cv",1,4,"under",241,"","normalize"
0.901285926028857,0.646746393451106,0.0987140739711434,0.927615245758622,0.758637041051348,0.95429104305198,0.661965352657454,0.844051589231538,0.155948410768462,0.820586561589132,0.179413438410868,0.940659045717385,0.70557265793463,608.75,29.25,47.5,92,"knn","cv",1,4,"under",243,"","normalize"
0.894216103727672,0.631003554553532,0.105783896272328,0.917720050488176,0.76705392223276,0.955257992570154,0.636122059576539,0.844051589231538,0.155948410768462,0.810935292619097,0.189064707380903,0.936017624403976,0.694094071850105,602.25,28.25,54,93,"knn","cv",1,4,"under",245,"","normalize"
0.898393068058878,0.639946328061669,0.101606931941122,0.924185367709841,0.758806394797453,0.954048017484034,0.653109159441396,0.844051589231538,0.155948410768462,0.817683778159357,0.182316221840643,0.938779239567054,0.700528836959912,606.5,29.25,49.75,92,"knn","cv",1,4,"under",247,"","normalize"
0.906106730240235,0.661253350079996,0.0938932697597653,0.932954091955303,0.760720092128438,0.954905301973612,0.68322220993799,0.844051873255981,0.155948126744019,0.824766679387989,0.175233320612011,0.943662953031045,0.717105939246069,612.25,29,44,92.25,"knn","cv",1,4,"under",249,"","normalize"
0.908036892934065,0.669735753632097,0.0919631070659348,0.932572994394328,0.775403061915729,0.957481126152096,0.682563445621364,0.844051589231538,0.155948410768462,0.822181252129838,0.177818747870162,0.944778445415579,0.724527035609194,612,27.25,44.25,94,"knn","cv",1,4,"under",251,"","normalize"
0.907079499624487,0.664111536720142,0.0929205003755132,0.934093904295207,0.760753962877659,0.954883457744509,0.684924237849068,0.844051589231538,0.155948410768462,0.825730844689714,0.174269155310286,0.944280003059065,0.7194514993773,613,29,43.25,92.25,"knn","cv",1,4,"under",253,"","normalize"
0.903216427959359,0.649322702343929,0.0967835720406414,0.931813119501058,0.748357268662783,0.952480724699826,0.670178138093086,0.844051589231538,0.155948410768462,0.825723814155691,0.174276185844309,0.94203089090761,0.707067673439956,611.5,30.5,44.75,90.75,"knn","cv",1,4,"under",255,"","normalize"
0.905141140038312,0.657527141332632,0.0948588599616877,0.932182615918625,0.758772524048232,0.9544921872498,0.677457016993446,0.844051589231538,0.155948410768462,0.824427714530542,0.175572285469458,0.943105169287095,0.714009146729481,611.75,29.25,44.5,92,"knn","cv",1,4,"under",257,"","normalize"
0.905469920894085,0.656836727521389,0.0945300791059146,0.934092164123696,0.750609673485978,0.953051412793193,0.682022208125774,0.844051589231538,0.155948410768462,0.827326362352069,0.172673637647931,0.94337683614023,0.713105458790014,613,30.25,43.25,91,"knn","cv",1,4,"under",259,"","normalize"
0.902576649363282,0.654035370066061,0.0974233506367183,0.927237048483499,0.769086167186018,0.956027921781396,0.665186062959645,0.844051589231538,0.155948410768462,0.818653164732856,0.181346835267144,0.941338952416276,0.712151364097012,608.5,28,47.75,93.25,"knn","cv",1,4,"under",261,"","normalize"
0.901603540742358,0.647695764056701,0.0983964592576418,0.927995763262427,0.7587217179244,0.954168512622091,0.661123388990389,0.844051589231538,0.155948410768462,0.820900867816035,0.179099132183965,0.940892316972985,0.706448575939884,609,29.25,47.25,92,"knn","cv",1,4,"under",263,"","normalize"
0.902900881049981,0.641852244038619,0.0970991189500187,0.93600577272896,0.723699363229915,0.948260026963263,0.67742116485243,0.844051589231538,0.155948410768462,0.833122003751824,0.166877996248176,0.942085924134634,0.699666587282686,614.25,33.5,42,87.75,"knn","cv",1,4,"under",265,"","normalize"
0.902574911239866,0.647864810552268,0.0974250887601337,0.930670406875302,0.750457255114483,0.952862989358108,0.66752086655038,0.844051873255981,0.155948126744019,0.824445755126115,0.175554244873885,0.941600047677348,0.705960717176986,610.75,30.25,45.5,91,"knn","cv",1,4,"under",267,"","normalize"
0.898071731297952,0.632448712549048,0.101928268702048,0.927238208597839,0.74024522422436,0.950826035242656,0.652089033417976,0.844051589231538,0.155948410768462,0.823150638703338,0.176849361296662,0.93887840988574,0.693285050886233,608.5,31.5,47.75,89.75,"knn","cv",1,4,"under",269,"","normalize"
0.905787949168412,0.653183377897894,0.0942120508315881,0.937143844897353,0.736146863568622,0.950619892679015,0.6863828158183,0.844051589231538,0.155948410768462,0.83214972225255,0.16785027774745,0.943765252205055,0.709205302033372,615,32,41.25,89.25,"knn","cv",1,4,"under",271,"","normalize"
0.903206916060386,0.648061453324068,0.0967930839396135,0.934085783494821,0.736096057444791,0.950277188426476,0.679443822264436,0.844051589231538,0.155948410768462,0.829579441725971,0.170420558274029,0.942054586720565,0.705713896435494,613,32,43.25,89.25,"knn","cv",1,4,"under",273,"","normalize"
0.899364522436502,0.633855208727484,0.100635477563498,0.931057305007982,0.727916271507926,0.948793428267557,0.665023775507646,0.844051589231538,0.155948410768462,0.828302779459592,0.171697220540408,0.939757642472737,0.693759273308145,611,33,45.25,88.25,"knn","cv",1,4,"under",275,"","normalize"
0.903862409967808,0.648957994641742,0.0961375900321916,0.935228496120578,0.734013006367701,0.950107365597359,0.684554303607015,0.844051589231538,0.155948410768462,0.830869337938747,0.169130662061253,0.942475228064116,0.706087124703815,613.75,32.25,42.5,89,"knn","cv",1,4,"under",277,"","normalize"
0.905143131394736,0.642525341993884,0.094856868605264,0.941339398411107,0.709067199566454,0.946231252513183,0.692491900713826,0.844051873255981,0.155948126744019,0.839890596630006,0.160109403369994,0.943672215071169,0.698659484454939,617.75,35.25,38.5,86,"knn","cv",1,4,"under",279,"","normalize"
0.903856130107735,0.643839682041937,0.0961438698922653,0.93713978449716,0.723750169353746,0.948410853971251,0.680894741102293,0.844051873255981,0.155948126744019,0.834077613281721,0.165922386718279,0.942706143302848,0.701005445272124,615,33.5,41.25,87.75,"knn","cv",1,4,"under",281,"","normalize"
0.903855379433786,0.64619962531099,0.0961446205662144,0.935622354939303,0.731946890665222,0.949793825889444,0.678317692377678,0.844051589231538,0.155948410768462,0.831514906386372,0.168485093613628,0.942615804337293,0.703418753046194,614,32.5,42.25,88.75,"knn","cv",1,4,"under",283,"","normalize"
0.905143621403262,0.649157467713677,0.0948563785967385,0.937519141886624,0.7298130334643,0.949545954012344,0.684619664880803,0.844051589231538,0.155948410768462,0.833439204904501,0.166560795095499,0.943445395989222,0.705553599494854,615.25,32.75,41,88.5,"knn","cv",1,4,"under",285,"","normalize"
0.900964589267931,0.633645729669845,0.0990354107320688,0.935239517206816,0.71553651266766,0.946820302154726,0.671980702977013,0.844051589231538,0.155948410768462,0.833758887422126,0.166241112577873,0.94096726718317,0.692554533668925,613.75,34.5,42.5,86.75,"knn","cv",1,4,"under",287,"","normalize"
0.90385744723791,0.641556433858391,0.09614255276209,0.939045852359208,0.713419590841349,0.946770268623478,0.688616615928029,0.844051589231538,0.155948410768462,0.837289456184058,0.162710543815942,0.942758756630245,0.698505195859031,616.25,34.75,40,86.5,"knn","cv",1,4,"under",289,"","normalize"
0.906107631686038,0.643405336012754,0.0938923683139621,0.942479210751012,0.709067199566454,0.946516446548016,0.69694190641295,0.844051589231538,0.155948410768462,0.84084731996043,0.15915268003957,0.944310625192706,0.698659320839164,618.5,35.25,37.75,86,"knn","cv",1,4,"under",291,"","normalize"
0.901925291064109,0.634162856483383,0.0980747089358915,0.937903719790623,0.707221243733911,0.945467652881389,0.678794180332722,0.844051589231538,0.155948410768462,0.837296073157256,0.162703926842744,0.941656780503589,0.692445488029464,615.5,35.5,40.75,85.75,"knn","cv",1,4,"under",293,"","normalize"
0.904505910611309,0.641181072351888,0.0954940893886909,0.941341138582619,0.70507045115838,0.945291527974319,0.69203371862416,0.844051589231538,0.155948410768462,0.840520193347957,0.159479806652043,0.943279403349207,0.697820691489141,617.75,35.75,38.5,85.5,"knn","cv",1,4,"under",295,"","normalize"
0.904501361442235,0.637319635570459,0.0954986385577645,0.942858568140476,0.696805988348462,0.944062286348389,0.693281254210796,0.844051589231538,0.155948410768462,0.843092955239485,0.156907044760515,0.943404713212893,0.693788275942386,618.75,36.75,37.5,84.5,"knn","cv",1,4,"under",297,"","normalize"
0.904179611120485,0.631567263247002,0.0958203888795149,0.945905028399599,0.678448042270695,0.941052489609264,0.702993635284381,0.844051589231538,0.155948410768462,0.848543686911296,0.151456313088704,0.943359596858825,0.687953337953338,620.75,39,35.5,82.25,"knn","cv",1,4,"under",299,"","normalize"
0.90320932522473,0.626776138729772,0.0967906747752704,0.945143413334818,0.676144831323669,0.940737320456769,0.697471217105263,0.844051873255981,0.155948126744019,0.848239583797992,0.151760416202008,0.942812314879019,0.68364807427108,620.25,39.25,36,82,"knn","cv",1,4,"under",301,"","normalize"
0.900963681451486,0.620114763941696,0.0990363185485137,0.943996640308869,0.668117463758298,0.939028316469407,0.692209015656432,0.844051873255981,0.155948126744019,0.84854481292222,0.15145518707778,0.94143949255625,0.678508227933413,619.5,40.25,36.75,81,"knn","cv",1,4,"under",303,"","normalize"
0.904822698203161,0.629720888332403,0.0951773017968391,0.948959609459108,0.666034412681209,0.939055664078249,0.710854978354978,0.844051589231538,0.155948410768462,0.853056049071473,0.146943950928527,0.94389203210278,0.68556381127726,622.75,40.5,33.5,80.75,"knn","cv",1,4,"under",305,"","normalize"
0.899038135880241,0.609433248504025,0.100961864119759,0.94399838048038,0.655771575667254,0.936957308669137,0.684427609427609,0.844051873255981,0.155948126744019,0.850475314852722,0.149524685147278,0.940422219648983,0.668873201296959,619.5,41.75,36.75,79.5,"knn","cv",1,4,"under",307,"","normalize"
0.902897572563382,0.621522524919539,0.0971024274366177,0.94818813342243,0.657634466874407,0.937557879666433,0.703647021151697,0.844051589231538,0.155948410768462,0.853700790397449,0.146299209602551,0.942783238927475,0.678527122476445,622.25,41.5,34,79.75,"knn","cv",1,4,"under",309,"","normalize"
0.899999751863505,0.614307581360179,0.100000248136495,0.942857988083305,0.668015851510635,0.939161736448542,0.681820861678004,0.844051589231538,0.155948410768462,0.847593737696565,0.152406262303435,0.940933787007538,0.67314219007644,618.75,40.25,37.5,81,"knn","cv",1,4,"under",311,"","normalize"
0.90064449318948,0.613248104225549,0.0993555068105197,0.946670703864573,0.651486925890801,0.936380435322258,0.695939676455913,0.844051589231538,0.155948410768462,0.853383175683947,0.146616824316053,0.941445298949615,0.671608517999038,621.25,42.25,35,79,"knn","cv",1,4,"under",313,"","normalize"
0.906754027255313,0.639304909311592,0.0932459727446874,0.948569230983406,0.680531093347785,0.941471123434175,0.709802248860533,0.844051589231538,0.155948410768462,0.850477083767572,0.149522916232428,0.944980023093304,0.694233073339244,622.5,38.75,33.75,82.5,"knn","cv",1,4,"under",315,"","normalize"
0.907396700777164,0.638194638189555,0.0926032992228365,0.951238654081746,0.670065031838504,0.93981999602111,0.717392210625304,0.844051589231538,0.155948410768462,0.854337260506926,0.145662739493074,0.945481843272308,0.692600806134515,624.25,40,32,81.25,"knn","cv",1,4,"under",317,"","normalize"
0.903859928602859,0.62376383257828,0.0961400713971408,0.949716004009355,0.65565302804498,0.937263048933833,0.708679979086598,0.844051589231538,0.155948410768462,0.855312436931974,0.144687563068026,0.943410955655056,0.680169988467748,623.25,41.75,33,79.5,"knn","cv",1,4,"under",319,"","normalize"
0.905141967159962,0.62752690457794,0.094858032840038,0.951237493967405,0.65563609267037,0.937308365197316,0.713254223652454,0.844051589231538,0.155948410768462,0.856590339880828,0.143409660119172,0.944219869273594,0.683189894396791,624.25,41.75,32,79.5,"knn","cv",1,4,"under",321,"","normalize"
0.904500120759761,0.624054075366759,0.0954998792402391,0.951238654081746,0.651486925890801,0.936627277529697,0.71149968948342,0.844051589231538,0.155948410768462,0.857237149010928,0.142762850989072,0.943871285090001,0.680036921881566,624.25,42.25,32,79,"knn","cv",1,4,"under",323,"","normalize"
0.903543141011007,0.615178296081552,0.0964568589889927,0.953909237294428,0.630876574989839,0.933319138884832,0.720462022318139,0.844051589231538,0.155948410768462,0.862707731602333,0.137292268397667,0.943455867738994,0.671335156418145,626,44.75,30.25,76.5,"knn","cv",1,4,"under",325,"","normalize"
0.902574581559157,0.610722161273519,0.0974254184408426,0.95313776125775,0.628776588538138,0.933012483530517,0.715662518485099,0.844051589231538,0.155948410768462,0.862379364307385,0.137620635692615,0.942894325872935,0.6673423469632,625.5,45,30.75,76.25,"knn","cv",1,4,"under",327,"","normalize"
0.907393805851389,0.62957460403314,0.0926061941486106,0.9565682193637,0.641241024251456,0.93523216988816,0.73346193757816,0.844051589231538,0.155948410768462,0.863340066103562,0.136659933896438,0.945751389303016,0.68347605015691,627.75,43.5,28.5,77.75,"knn","cv",1,4,"under",329,"","normalize"
0.901607262789782,0.599829384234639,0.0983927372102179,0.956570539592382,0.604271101476765,0.929085378024753,0.724726910707883,0.844051589231538,0.155948410768462,0.869123300678571,0.130876699321429,0.94254542680171,0.6565000306091,627.75,48,28.5,73.25,"knn","cv",1,4,"under",331,"","normalize"
0.903218495763483,0.615308708265172,0.0967815042365171,0.952759563982626,0.634974935645576,0.933955983968648,0.715569046031762,0.844051589231538,0.155948410768462,0.861096085067807,0.138903914932193,0.943219717393658,0.671752054846768,625.25,44.25,31,77,"knn","cv",1,4,"under",333,"","normalize"
0.901279649354104,0.612415015163579,0.0987203506458962,0.949330846048187,0.641173282753015,0.934786934875294,0.706940840898613,0.844051873255981,0.155948126744019,0.857234549789107,0.142765450210893,0.941916273819223,0.670152234554133,623,43.5,33.25,77.75,"knn","cv",1,4,"under",335,"","normalize"
0.903215933703739,0.612831715909158,0.0967840662962614,0.95389937632253,0.629030619157296,0.933078085060355,0.720273341999394,0.844051873255981,0.155948126744019,0.863007056203462,0.136992943796538,0.943285415758445,0.668997995090742,626,45,30.25,76.25,"knn","cv",1,4,"under",337,"","normalize"
0.899668419565724,0.602253695209699,0.100331580434276,0.950091881055797,0.626693537461049,0.932408074056402,0.702604057012927,0.844051873255981,0.155948126744019,0.860129476624984,0.139870523375016,0.941095382011932,0.660754814054195,623.5,45.25,32.75,76,"knn","cv",1,4,"under",339,"","normalize"
0.904177956877186,0.615557638153181,0.0958220431228143,0.955426666852285,0.626812085083322,0.932712245179647,0.724290955516289,0.844051589231538,0.155948410768462,0.864627067390564,0.135372932609436,0.943903070838764,0.671254557068611,627,45.25,29.25,76,"knn","cv",1,4,"under",341,"","normalize"
0.900323156428555,0.602768132657922,0.0996768435714451,0.951619751642722,0.622544370681479,0.931840330267016,0.709527300779686,0.844051589231538,0.155948410768462,0.862065885202132,0.137934114797868,0.941540700741695,0.660748224642624,624.5,45.75,31.75,75.5,"knn","cv",1,4,"under",343,"","normalize"
0.903214773716059,0.604114645899324,0.096785226283941,0.958478927683112,0.604135618479881,0.929177080701118,0.729359620345528,0.844051589231538,0.155948410768462,0.870744872672893,0.129255127327107,0.943566972436225,0.659845623140807,629,48,27.25,73.25,"knn","cv",1,4,"under",345,"","normalize"
0.901603954303183,0.60719222671088,0.0983960456968169,0.952384847050525,0.626829020457933,0.932601863162381,0.710624599962704,0.844051589231538,0.155948410768462,0.862061336033058,0.137938663966942,0.942326613033296,0.664439572889694,625,45.25,31.25,76,"knn","cv",1,4,"under",347,"","normalize"
0.899352115611756,0.593078730008656,0.100647884388244,0.954279313769165,0.601950955155128,0.928525557491314,0.714476827520306,0.844051589231538,0.155948410768462,0.867524060968791,0.132475939031209,0.941154929189141,0.651267576936415,626.25,48.25,30,73,"knn","cv",1,4,"under",349,"","normalize"
0.905793325459135,0.605660434372037,0.0942066745408647,0.964190750640383,0.58982522693402,0.927331265203713,0.754465352449223,0.844051589231538,0.155948410768462,0.877810559365829,0.122189440634171,0.945314242121289,0.659068989928575,632.75,49.75,23.5,71.5,"knn","cv",1,4,"under",351,"","normalize"
0.902571273072558,0.603912530130691,0.0974287269274416,0.956958597839403,0.608335591383281,0.929810969353441,0.727215805596953,0.844051589231538,0.155948410768462,0.868812716499092,0.131187283500908,0.943105391882732,0.660067607289829,628,47.5,28.25,73.75,"knn","cv",1,4,"under",353,"","normalize"
0.901282127533732,0.596549080156686,0.0987178724662679,0.957713252218139,0.595820349546132,0.92769788853574,0.726325904354981,0.844051873255981,0.155948126744019,0.871384129407236,0.128615870592764,0.942427077931508,0.653401571546733,628.5,49,27.75,72.25,"knn","cv",1,4,"under",355,"","normalize"
0.904180438242135,0.606832188939517,0.0958195617578651,0.960000417641163,0.602120308901233,0.928876440003795,0.735508524980174,0.844051589231538,0.155948410768462,0.872348247990921,0.127651752009078,0.944176305839706,0.661985451261529,630,48.25,26.25,73,"knn","cv",1,4,"under",357,"","normalize"
0.902570032390084,0.602616989500075,0.0974299676099162,0.957339115343208,0.606100121934697,0.929546588877117,0.729864287487147,0.844051589231538,0.155948410768462,0.869462420554966,0.130537579445034,0.943128530549792,0.658583964546228,628.25,47.75,28,73.5,"knn","cv",1,4,"under",359,"","normalize"
0.900971619801954,0.591192881875123,0.099028380198046,0.959621640308869,0.583609944451971,0.92575363485547,0.728777703690659,0.844051589231538,0.155948410768462,0.874921837004099,0.125078162995901,0.942378547681971,0.64800536915721,629.75,50.5,26.5,70.75,"knn","cv",1,4,"under",361,"","normalize"
0.902244973581734,0.596426177166815,0.0977550264182655,0.960378034859116,0.587674434358488,0.926520533777912,0.735999596203314,0.844051589231538,0.155948410768462,0.874915633591726,0.125084366408274,0.943109997889647,0.652420252388249,630.25,50,26,71.25,"knn","cv",1,4,"under",363,"","normalize"
0.90321345552411,0.595639076997388,0.0967865444758898,0.963048038014627,0.579325294675518,0.925363726232202,0.743632509318348,0.844051873255981,0.155948126744019,0.878460158306115,0.121539841693885,0.943815315174936,0.650754147812971,632,51,24.25,70.25,"knn","cv",1,4,"under",365,"","normalize"
0.897748326732903,0.571669059472593,0.102251673267097,0.960379194973457,0.558681073025335,0.921813175215495,0.724879541807893,0.844051589231538,0.155948410768462,0.879427168630253,0.120572831369747,0.940662581558752,0.629719839430652,630.25,53.5,26,67.75,"knn","cv",1,4,"under",367,"","normalize"
0.906432276933562,0.6146462839702,0.0935677230664377,0.962285842892675,0.60410174773066,0.929360149362639,0.748848365117116,0.844051589231538,0.155948410768462,0.873956586038848,0.126043413961152,0.945526894375684,0.668388507080735,631.5,48,24.75,73.25,"knn","cv",1,4,"under",369,"","normalize"
0.903217255081008,0.597794519313684,0.0967827449189917,0.961905905446041,0.585692995529061,0.926331202500578,0.740359107634051,0.844051589231538,0.155948410768462,0.876524798761303,0.123475201238697,0.943754702215088,0.653033968274522,631.25,50.25,25,71,"knn","cv",1,4,"under",371,"","normalize"
0.905789603411711,0.591295470987216,0.0942103965882886,0.971807481345361,0.548570654382875,0.921081121076511,0.785250728711608,0.844051589231538,0.155948410768462,0.890667751850271,0.109332248149729,0.945701187494239,0.643346279748348,637.75,54.75,18.5,66.5,"knn","cv",1,4,"under",373,"","normalize"
0.903542313889358,0.593638111388966,0.0964576861106424,0.964192490811894,0.575260804769002,0.924920521721168,0.747777828811232,0.844051589231538,0.155948410768462,0.880058262449008,0.119941737550992,0.944084040959491,0.64814496349564,632.75,51.5,23.5,69.75,"knn","cv",1,4,"under",375,"","normalize"
0.903865216766372,0.596800147646907,0.0961347832336279,0.964196551212087,0.577276114347649,0.925157736368563,0.752340079442883,0.844051873255981,0.155948126744019,0.879753768072125,0.120246231927875,0.944218866565224,0.651264061710864,632.75,51.25,23.5,70,"knn","cv",1,4,"under",377,"","normalize"
0.901610984837206,0.577262225469291,0.0983890151627941,0.967999406021458,0.542202953529332,0.919704656113876,0.763597139132959,0.844051589231538,0.155948410768462,0.888428733544415,0.111571266455585,0.943186257465621,0.632086041201722,635.25,55.5,21,65.75,"knn","cv",1,4,"under",379,"","normalize"
0.900962935024632,0.56565381281295,0.0990370649753683,0.971813281917066,0.517545048096464,0.916001366758656,0.777454826388402,0.844051589231538,0.155948410768462,0.895501037210549,0.104498962789451,0.943049253085024,0.619960169332674,637.75,58.5,18.5,62.75,"knn","cv",1,4,"under",381,"","normalize"
0.900328119158453,0.574028939062123,0.0996718808415467,0.96648139640643,0.542355371900826,0.919544213302765,0.754909651460622,0.844051589231538,0.155948410768462,0.887141732257414,0.112858267742587,0.942396313368095,0.629851191326229,634.25,55.5,22,65.75,"knn","cv",1,4,"under",383,"","normalize"
0.899998924741855,0.572792095139946,0.100001075258145,0.964957006162527,0.548536783633654,0.920655697530891,0.748257344789357,0.844051589231538,0.155948410768462,0.88489278849176,0.11510721150824,0.94217154297089,0.628539489063347,633.25,54.75,23,66.5,"knn","cv",1,4,"under",385,"","normalize"
0.898068836372178,0.567064510161989,0.101931163627822,0.963429135575602,0.544370681479474,0.919679352758729,0.734536160832521,0.844051589231538,0.155948410768462,0.884242257314237,0.115757742685763,0.941022704922125,0.624447881303655,632.25,55.25,24,66,"knn","cv",1,4,"under",387,"","normalize"
0.900319434381131,0.572035724652392,0.099680565618869,0.966856693395701,0.540069096328411,0.919279788553899,0.752466808991217,0.844051589231538,0.155948410768462,0.887784819340089,0.112215180659911,0.942442410007208,0.627706328191765,634.5,55.75,21.75,65.5,"knn","cv",1,4,"under",389,"","normalize"
0.898713991258978,0.561353929436542,0.101286008741022,0.968006366707503,0.523641782956239,0.916668480543432,0.754787115282499,0.844051589231538,0.155948410768462,0.891321591514393,0.108678408485606,0.941617633886604,0.617542368706276,635.25,57.75,21,63.5,"knn","cv",1,4,"under",391,"","normalize"
0.902575822241632,0.568264253780147,0.097424177758368,0.97447458421502,0.513480558189947,0.915579348520184,0.789045146488967,0.844051589231538,0.155948410768462,0.898388518889804,0.101611481110196,0.944090150949247,0.621209055392928,639.5,59,16.75,62.25,"knn","cv",1,4,"under",393,"","normalize"
0.898392240937228,0.556633766094278,0.101607759062772,0.969142698704384,0.515631350765479,0.915497245566775,0.760549548027372,0.844051589231538,0.155948410768462,0.893566399671798,0.106433600328202,0.941506602579124,0.612491732804233,636,58.75,20.25,62.5,"knn","cv",1,4,"under",395,"","normalize"
0.900963762146281,0.559619160356659,0.0990362378537186,0.972955994542822,0.511583796233573,0.915409518039838,0.788102146080869,0.844051589231538,0.155948410768462,0.897425749289502,0.102574250710497,0.943151493989951,0.612640200698288,638.5,59.25,17.75,62,"knn","cv",1,4,"under",397,"","normalize"
0.898713164137329,0.550770056084276,0.101286835862671,0.972573156810335,0.499000812897981,0.913099889020746,0.772619896594758,0.844051589231538,0.155948410768462,0.899033673776604,0.100966326223396,0.941886990128302,0.605805405957273,638.25,60.75,18,60.5,"knn","cv",1,4,"under",399,"","normalize"
0.902890879142484,0.567840031057627,0.0971091208575162,0.975617876897947,0.509246714537326,0.91497224303273,0.793941290776734,0.844051873255981,0.155948126744019,0.900000082605988,0.0999999173940124,0.944322020824188,0.620479797979798,640.25,59.5,16,61.75,"knn","cv",1,4,"under",401,"","normalize"
0.90064532031113,0.551011369169826,0.0993546796888699,0.97714342725619,0.486621054057716,0.911537460215485,0.797140770028094,0.844051589231538,0.155948410768462,0.904820216838212,0.0951797831617883,0.943194298928752,0.603977564651216,641.25,62.25,15,59,"knn","cv",1,4,"under",403,"","normalize"
0.901282203981433,0.552601638990492,0.0987177960185672,0.977145167427702,0.490736350088064,0.912370786349001,0.805308539499716,0.844051589231538,0.155948410768462,0.90418085180296,0.0958191481970402,0.943550718489433,0.604605070932666,641.25,61.75,15,59.5,"knn","cv",1,4,"under",405,"","normalize"
0.900323983550205,0.552163455829432,0.0996760164497954,0.974853361547314,0.496934697195502,0.913185891173996,0.791235703393091,0.844051589231538,0.155948410768462,0.901276414129885,0.0987235858701154,0.942908346831459,0.605188084835999,639.75,61,16.5,60.25,"knn","cv",1,4,"under",407,"","normalize"
0.896784316450126,0.545392013230509,0.103215683549874,0.969903153654824,0.500948380978187,0.913262315925481,0.760857041183373,0.844051589231538,0.155948410768462,0.896467115297449,0.103532884702551,0.94068178023722,0.601674448180175,636.5,60.5,19.75,60.75,"knn","cv",1,4,"under",409,"","normalize"
0.898072971980427,0.534581017098041,0.101927028019573,0.977146907599213,0.470244546809375,0.909066456105293,0.79731590129449,0.844051589231538,0.155948410768462,0.907399182142113,0.0926008178578873,0.941811764402176,0.587972948035172,641.25,64.25,15,57,"knn","cv",1,4,"under",411,"","normalize"
0.8945291692721,0.507685617854545,0.1054708307279,0.978284399710435,0.440980219482455,0.90480319470735,0.795625138717705,0.844051589231538,0.155948410768462,0.912872659659292,0.087127340340708,0.939998614448281,0.561163168227122,642,67.75,14.25,53.5,"knn","cv",1,4,"under",413,"","normalize"
0.897103171846102,0.532097291452897,0.102896828153898,0.976001294687604,0.470125999187102,0.908889454720179,0.782811484475332,0.844051589231538,0.155948410768462,0.906432690494387,0.0935673095056128,0.941232259460403,0.586509617347166,640.5,64.25,15.75,57,"knn","cv",1,4,"under",415,"","normalize"
0.897752048780326,0.532691460212571,0.102247951219674,0.976385292534432,0.472429210134128,0.909461707724394,0.798662653251965,0.844051589231538,0.155948410768462,0.906425659960364,0.0935743400396357,0.941611847372518,0.585763196009787,640.75,64,15.5,57.25,"knn","cv",1,4,"under",417,"","normalize"
0.90000099254598,0.540352727714829,0.0999990074540203,0.979809370011508,0.467992141986181,0.908877308321415,0.81047162741847,0.844051589231538,0.155948410768462,0.909964913499618,0.0900350865003821,0.942998303726715,0.592575259654805,643,64.5,13.25,56.75,"knn","cv",1,4,"under",419,"","normalize"
0.897756917012373,0.535327198547217,0.102243082987627,0.97638181219141,0.472293727137244,0.909242515989041,0.786893961564725,0.844051873255981,0.155948126744019,0.906426002382357,0.0935739976176433,0.941600278758154,0.589425098972482,640.75,64,15.5,57.25,"knn","cv",1,4,"under",421,"","normalize"
0.90032348504749,0.538589730229645,0.0996765149525098,0.98133318019824,0.461895407126406,0.90804472206233,0.819745147325793,0.844051873255981,0.155948126744019,0.912216682113986,0.0877833178860137,0.943256105640959,0.590177110422545,644,65.25,12.25,56,"knn","cv",1,4,"under",423,"","normalize"
0.894533304880349,0.510467541959091,0.105466695119651,0.978284399710435,0.44114957322856,0.904626984733513,0.794009342148982,0.844051589231538,0.155948410768462,0.912858598591246,0.0871414014087536,0.939972064390423,0.56468432246889,642,67.75,14.25,53.5,"knn","cv",1,4,"under",425,"","normalize"
0.894855882323749,0.507218022561113,0.105144117676251,0.980570405019119,0.431005283836878,0.903172150328718,0.802797529268118,0.844051589231538,0.155948410768462,0.916399506373799,0.0836004936262006,0.940279223146103,0.560769106614128,643.5,69,12.75,52.25,"knn","cv",1,4,"under",427,"","normalize"
0.897427817093627,0.530896616036959,0.102572182906373,0.977528005160189,0.463876845955833,0.908042604454027,0.798251188310679,0.844051589231538,0.155948410768462,0.908687837672413,0.0913121623275865,0.941469338891858,0.584676092659286,641.5,65,14.75,56.25,"knn","cv",1,4,"under",429,"","normalize"
0.900645733871955,0.540261248456669,0.099354266128045,0.981714857816386,0.461929277875627,0.908041734360935,0.823593073593074,0.844051589231538,0.155948410768462,0.912540156756095,0.0874598432439049,0.943439736701052,0.591751409871573,644.25,65.25,12,56,"knn","cv",1,4,"under",431,"","normalize"
0.891644486958993,0.492207790117351,0.108355513041007,0.978284979767606,0.422791627150793,0.901765943001994,0.781192029467892,0.844051873255981,0.155948126744019,0.915749327174231,0.0842506728257691,0.938445918145835,0.547279233595076,642,70,14.25,51.25,"knn","cv",1,4,"under",433,"","normalize"
0.892929010066366,0.489863934576441,0.107070989933634,0.982096535434532,0.410327191437475,0.900215006682589,0.811316590563166,0.844051873255981,0.155948126744019,0.920901462621617,0.0790985373783833,0.939344286722277,0.542869098702729,644.5,71.5,11.75,49.75,"knn","cv",1,4,"under",435,"","normalize"
0.891639530599736,0.480579524649218,0.108360469400264,0.982474732709656,0.400030483674299,0.898668896457581,0.808410752949494,0.844051873255981,0.155948126744019,0.922826182132986,0.0771738178670143,0.9386850368625,0.533788636178533,644.75,72.75,11.5,48.5,"knn","cv",1,4,"under",437,"","normalize"
0.894860338056744,0.505950519308209,0.105139661943256,0.980951502580094,0.428989974258231,0.902922222392687,0.807578348449496,0.844051873255981,0.155948126744019,0.91703467634148,0.0829653236585201,0.940302384828357,0.559191654671677,643.75,69.25,12.5,52,"knn","cv",1,4,"under",439,"","normalize"
0.8951759784022,0.492348635336939,0.1048240215978,0.985907511044289,0.404179650453868,0.899688887105722,0.844307919519784,0.844051589231538,0.155948410768462,0.925085937939408,0.0749140620605916,0.940774085744983,0.542655596588181,647,72.25,9.25,49,"knn","cv",1,4,"under",441,"","normalize"
0.897110938189244,0.511301374747002,0.102889061810756,0.98285351004195,0.433189947161631,0.904011067995622,0.838768115942029,0.844051873255981,0.155948126744019,0.91799166670797,0.0820083332920303,0.941638555177222,0.561846708002233,645,68.75,11.25,52.5,"knn","cv",1,4,"under",443,"","normalize"
0.891316128158233,0.476473636149996,0.108683871841767,0.983239248060289,0.393730524319198,0.897780105566738,0.814097795048852,0.844051873255981,0.155948126744019,0.924443194340499,0.0755568056595014,0.93855187726261,0.529407333586191,645.25,73.5,11,47.75,"knn","cv",1,4,"under",445,"","normalize"
0.894530823515399,0.487856783698715,0.105469176484601,0.986665645766047,0.395796640021677,0.898395092726074,0.845861432565942,0.844051589231538,0.155948410768462,0.927008995775063,0.0729910042249374,0.940455044788244,0.538566987583716,647.5,73.25,8.75,48,"knn","cv",1,4,"under",447,"","normalize"
0.891964678597069,0.485043034523122,0.108035321402931,0.981716017930727,0.406313507654789,0.89954654029814,0.807781275466419,0.844051589231538,0.155948410768462,0.921217076422732,0.078782923577268,0.938805667573505,0.538473223887409,644.25,72,12,49.25,"knn","cv",1,4,"under",449,"","normalize"
0.893570121719222,0.486905288914672,0.106429878280778,0.984767118647214,0.400030483674299,0.89889085508916,0.839497213779129,0.844051589231538,0.155948410768462,0.924764601178483,0.0752353988215171,0.939822698882077,0.538449025582429,646.25,72.75,10,48.5,"knn","cv",1,4,"under",451,"","normalize"
0.892607765679745,0.474996475780311,0.107392234320255,0.986667965994728,0.383484622679854,0.89653661472081,0.839796250065013,0.844051589231538,0.155948410768462,0.928938670583915,0.0710613294160852,0.939439400455041,0.526001713878155,647.5,74.75,8.75,46.5,"knn","cv",1,4,"under",453,"","normalize"
0.890357581231617,0.454371121251565,0.109642418768383,0.98743074117385,0.365211353475139,0.894004125981992,0.85374276261373,0.844051589231538,0.155948410768462,0.932470066467496,0.0675299335325042,0.938318837066065,0.503788817849958,648,77,8.25,44.25,"knn","cv",1,4,"under",455,"","normalize"
0.890997359827694,0.463657417729068,0.109002640172306,0.987045003155511,0.371121799214199,0.894703357810915,0.847826086956522,0.844051589231538,0.155948410768462,0.931190095714517,0.0688099042854827,0.938590870528645,0.514664748206589,647.75,76.25,8.5,45,"knn","cv",1,4,"under",457,"","normalize"
0.890676436627593,0.463799009927928,0.109323563372407,0.986283968147901,0.373289527164341,0.894935844183142,0.834417609009261,0.844051589231538,0.155948410768462,0.930222363384317,0.0697776366156829,0.938386090650947,0.515374808870648,647.25,76,9,45.25,"knn","cv",1,4,"under",459,"","normalize"
0.885532567087837,0.41748670038948,0.114467432912163,0.988953391246241,0.325955155128031,0.888253653797177,0.853902178457615,0.844051589231538,0.155948410768462,0.939866601820329,0.0601333981796707,0.935853785925096,0.466747831286811,649,81.75,7.25,39.5,"knn","cv",1,4,"under",461,"","normalize"
0.892609737924244,0.471417836538693,0.107390262075756,0.98743074117385,0.379420132773337,0.896057742412551,0.847537647537647,0.844051873255981,0.155948126744019,0.930226439533243,0.0697735604667569,0.939498063225499,0.521536474208065,648,75.25,8.25,46,"knn","cv",1,4,"under",463,"","normalize"
0.886818232132738,0.436723874239221,0.113181767867262,0.986281647919219,0.348597750982252,0.891298264092541,0.835571819893854,0.844051873255981,0.155948126744019,0.934070922196724,0.0659290778032755,0.936349437481307,0.488213623577548,647.25,79,9,42.25,"knn","cv",1,4,"under",465,"","normalize"
0.89131621522367,0.457599091720318,0.10868378477633,0.989715006311022,0.358775911123154,0.893103137142645,0.869198288234676,0.844051589231538,0.155948410768462,0.935368300728198,0.0646316992718021,0.938921011849988,0.507057026742411,649.5,77.75,6.75,43.5,"knn","cv",1,4,"under",467,"","normalize"
0.889387781097293,0.449741294723111,0.110612218902707,0.987810098563314,0.356777536919117,0.892644802915146,0.846508713346676,0.844051589231538,0.155948410768462,0.934083367245321,0.065916632754679,0.937799962646618,0.500321338109896,648.25,78,8,43.25,"knn","cv",1,4,"under",469,"","normalize"
0.890356340549143,0.448096505848363,0.109643659450857,0.990476621375803,0.348496138734589,0.891663857659285,0.871794871794872,0.844051589231538,0.155948410768462,0.937616830933026,0.0623831690669737,0.938466285735402,0.497012718692501,650,79,6.25,42.25,"knn","cv",1,4,"under",471,"","normalize"
0.886498959990616,0.421293743783593,0.113501040009384,0.989714426253852,0.327902723208237,0.888635448878481,0.85477897536839,0.844051873255981,0.155948126744019,0.940189960729114,0.0598100392708865,0.936415684197906,0.470013239900539,649.5,81.5,6.75,39.75,"knn","cv",1,4,"under",473,"","normalize"
0.889709117858218,0.445099866837123,0.110290882141782,0.990097263986339,0.346430023032109,0.891313363641175,0.870543213085906,0.844051589231538,0.155948410768462,0.9376213801021,0.0623786198979001,0.93809732860767,0.494323085617855,649.75,79.25,6.5,42,"knn","cv",1,4,"under",475,"","normalize"
0.888422530132042,0.429017613372524,0.111577469867958,0.992379208894829,0.325751930632706,0.888469442517516,0.894189155577664,0.844051589231538,0.155948410768462,0.942763181837732,0.057236818162268,0.937546856217468,0.476829710799314,651.25,81.75,5,39.5,"knn","cv",1,4,"under",477,"","normalize"
0.886175654170513,0.413527730544791,0.113824345829487,0.991619334001559,0.315319739872646,0.886956604538684,0.881111322921668,0.844051589231538,0.155948410768462,0.943732981972057,0.0562670180279435,0.936341826730715,0.461179500397835,650.75,83,5.5,38.25,"knn","cv",1,4,"under",479,"","normalize"
0.886174413488038,0.415157958539907,0.113825586511962,0.991617013772877,0.31545522286953,0.886898768574131,0.88406699889258,0.844051589231538,0.155948410768462,0.943726778559683,0.0562732214403166,0.936323680878896,0.463301241328684,650.75,83,5.5,38.25,"knn","cv",1,4,"under",481,"","normalize"
0.883919679870837,0.398408485374768,0.116080320129163,0.991619334001559,0.300924671453733,0.88478891416929,0.873492875411034,0.844051589231538,0.155948410768462,0.945982339298535,0.0540176607014653,0.93515349588138,0.446421863942241,650.75,84.75,5.5,36.5,"knn","cv",1,4,"under",483,"","normalize"
0.885215262943119,0.39641555686205,0.114784737056881,0.994666954375023,0.292897303888362,0.883931809195573,0.910010441925336,0.844051873255981,0.155948126744019,0.949834209782862,0.0501657902171381,0.936023373279148,0.441768323805635,652.75,85.75,3.5,35.5,"knn","cv",1,4,"under",485,"","normalize"
0.88263630400986,0.386391615147365,0.11736369599014,0.992382109180681,0.288612654111909,0.883057411102869,0.875698775698776,0.844051873255981,0.155948126744019,0.948557121214374,0.0514428787856259,0.934530357628116,0.433748720912605,651.25,86.25,5,35,"knn","cv",1,4,"under",487,"","normalize"
0.885197915685721,0.398119796155673,0.114802084314279,0.993523661692096,0.29874000812898,0.88477344129649,0.888768121192798,0.844051873255981,0.155948126744019,0.947921055109759,0.0520789448902414,0.935972341525078,0.443807829963744,652,85,4.25,36.25,"knn","cv",1,4,"under",489,"","normalize"
0.881992072866109,0.381268292336858,0.118007927133891,0.991617013772877,0.288443300365804,0.883106595192819,0.874985358963759,0.844051589231538,0.155948410768462,0.947913254789861,0.0520867452101385,0.934168681897654,0.42792629595592,650.75,86.25,5.5,35,"knn","cv",1,4,"under",491,"","normalize"
0.883602892278985,0.384561273916242,0.116397107721015,0.994285276756877,0.284429616583119,0.882726189760267,0.902450310144734,0.844051589231538,0.155948410768462,0.950803631394891,0.049196368605109,0.935168834157597,0.429613463459617,652.5,86.75,3.75,34.5,"knn","cv",1,4,"under",493,"","normalize"
0.881670736105183,0.371301567970937,0.118329263894817,0.994287016928389,0.272117599241295,0.880892430321256,0.899157731054283,0.844051589231538,0.155948410768462,0.952734133325393,0.047265866674607,0.934151283512473,0.416496146351815,652.5,88.25,3.75,33,"knn","cv",1,4,"under",495,"","normalize"
0.878781082567989,0.340934388075085,0.121218917432011,0.996190764561755,0.243344397778079,0.876974509971431,0.922898384070689,0.844051873255981,0.155948126744019,0.958840740612243,0.0411592593877575,0.932775623051918,0.383239016854305,653.75,91.75,2.5,29.5,"knn","cv",1,4,"under",497,"","normalize"
0.881671563226833,0.370896962124726,0.118328436773167,0.9942887570999,0.272219211488958,0.880921914534076,0.909038895108421,0.844051589231538,0.155948410768462,0.952735787568692,0.0472642124313075,0.934150763667008,0.415749167591565,652.5,88.25,3.75,33,"knn","cv",1,4,"under",499,"","normalize"
